mesure,indicateur,id_indicateur,date,valeur,unite,maille
Simplifier l’accès aux droits des personnes handicapées,Durée moyenne de traitement pour les demandes d’allocation adulte handicapé,duree-moyenne-traitement-demandes-allocation-adulte-handicape,2018-12-31,2.5,mois de traitement,0 - departemental
Allonger le congé paternité pour un meilleur développement de l’enfant,Nombre de pères / conjoints prenant un congé de paternité et d’accueil de l’enfant,nb-peres-conge-paternite,2019-09-30,155.0,pères dans l'année,0 - departemental
Allonger le congé paternité pour un meilleur développement de l’enfant,Nombre de pères / conjoints prenant un congé de paternité et d’accueil de l’enfant,nb-peres-conge-paternite,2019-12-31,140.0,pères dans l'année,0 - departemental
Allonger le congé paternité pour un meilleur développement de l’enfant,Nombre de pères / conjoints prenant un congé de paternité et d’accueil de l’enfant,nb-peres-conge-paternite,2020-03-31,134.0,pères dans l'année,0 - departemental
Allonger le congé paternité pour un meilleur développement de l’enfant,Nombre de pères / conjoints prenant un congé de paternité et d’accueil de l’enfant,nb-peres-conge-paternite,2020-06-30,90.0,pères dans l'année,0 - departemental
"Limiter les classes à 24 en grande section, CP, CE1","Part des classes de GS, CP ou CE1 ayant un effectif inférieur ou égal à 24 élèves",tx-classes-cp-ce1,2019-09-30,85.0,% des classes,0 - departemental
"Limiter les classes à 24 en grande section, CP, CE1","Part des classes de GS, CP ou CE1 ayant un effectif inférieur ou égal à 24 élèves",tx-classes-cp-ce1,2020-09-30,90.0,% des classes,0 - departemental
Doubler le nombre de maisons de santé,Nombre de maisons de santé pluri-professionnelles,nb-maisons-sante,2017-06-30,2.0,maisons de santé,0 - departemental
Doubler le nombre de maisons de santé,Nombre de maisons de santé pluri-professionnelles,nb-maisons-sante,2017-12-31,2.0,maisons de santé,0 - departemental
Doubler le nombre de maisons de santé,Nombre de maisons de santé pluri-professionnelles,nb-maisons-sante,2018-06-30,3.0,maisons de santé,0 - departemental
Doubler le nombre de maisons de santé,Nombre de maisons de santé pluri-professionnelles,nb-maisons-sante,2018-12-31,3.0,maisons de santé,0 - departemental
Doubler le nombre de maisons de santé,Nombre de maisons de santé pluri-professionnelles,nb-maisons-sante,2019-06-30,3.0,maisons de santé,0 - departemental
Doubler le nombre de maisons de santé,Nombre de maisons de santé pluri-professionnelles,nb-maisons-sante,2019-12-31,3.0,maisons de santé,0 - departemental
Doubler le nombre de maisons de santé,Nombre de maisons de santé pluri-professionnelles,nb-maisons-sante,2020-06-30,4.0,maisons de santé,0 - departemental
Lutter contre les stupéfiants,Nombre d'amendes forfaitaires délictuelles dressées,nb-amendes-delictuelles-dressees,2020-08-31,0.0,amendes dressées dans l'année,0 - departemental
Lutter contre les stupéfiants,Nombre d'amendes forfaitaires délictuelles dressées,nb-amendes-delictuelles-dressees,2020-09-30,11.0,amendes dressées dans l'année,0 - departemental
Lutter contre les stupéfiants,Nombre d'amendes forfaitaires délictuelles dressées,nb-amendes-delictuelles-dressees,2020-10-31,16.0,amendes dressées dans l'année,0 - departemental
Offrir une scolarisation inclusive à tous les enfants handicapés,"Nombre d’unités locales d’inclusion scolaires (ULIS) pour les élèves en situation de handicap à l’école maternelle, à l’école élémentaire, au collège et au lycée",nombre-creation-ulis,2017-09-30,24.0,unités,0 - departemental
Offrir une scolarisation inclusive à tous les enfants handicapés,"Nombre d’unités locales d’inclusion scolaires (ULIS) pour les élèves en situation de handicap à l’école maternelle, à l’école élémentaire, au collège et au lycée",nombre-creation-ulis,2018-09-30,26.0,unités,0 - departemental
Offrir une scolarisation inclusive à tous les enfants handicapés,"Nombre d’unités locales d’inclusion scolaires (ULIS) pour les élèves en situation de handicap à l’école maternelle, à l’école élémentaire, au collège et au lycée",nombre-creation-ulis,2019-09-30,27.0,unités,0 - departemental
Offrir une scolarisation inclusive à tous les enfants handicapés,"Nombre d’unités locales d’inclusion scolaires (ULIS) pour les élèves en situation de handicap à l’école maternelle, à l’école élémentaire, au collège et au lycée",nombre-creation-ulis,2020-09-30,27.0,unités,0 - departemental
Offrir une scolarisation inclusive à tous les enfants handicapés,Nombre de classes adaptées à la scolarisation des enfants autistes (UEMA/UEEA) à l’école maternelle et à l’école élémentaire,nombre-creation-ueea,2017-09-30,1.0,classes,0 - departemental
Allonger le congé paternité pour un meilleur développement de l’enfant,Nombre de pères / conjoints prenant un congé de paternité et d’accueil de l’enfant,nb-peres-conge-paternite,2019-06-30,120.0,pères dans l'année,0 - departemental
Offrir une scolarisation inclusive à tous les enfants handicapés,Nombre de classes adaptées à la scolarisation des enfants autistes (UEMA/UEEA) à l’école maternelle et à l’école élémentaire,nombre-creation-ueea,2018-09-30,1.0,classes,0 - departemental
Allonger le congé paternité pour un meilleur développement de l’enfant,Nombre de pères / conjoints prenant un congé de paternité et d’accueil de l’enfant,nb-peres-conge-paternite,2019-03-31,156.0,pères dans l'année,0 - departemental
Développer l’apprentissage,Nombre de contrats d’apprentissage,nombre-contrats-apprentissage,2018-12-31,653.0,contrats,0 - departemental
Verdir le parc automobile,Nombre de primes à la conversion et de bonus écologiques,nb-primes-conversion,2020-06-30,45.0,primes et bonus,0 - departemental
Verdir le parc automobile,Nombre de primes à la conversion et de bonus écologiques,nb-primes-conversion,2020-09-30,426.0,primes et bonus,0 - departemental
Déployer le plan vélo,Kilomètres d'aménagements cyclables sécurisés,km-amenagement-cyclables-securises,2017-12-31,14.0,kilomètres,0 - departemental
Déployer le plan vélo,Kilomètres d'aménagements cyclables sécurisés,km-amenagement-cyclables-securises,2018-12-31,16.0,kilomètres,0 - departemental
Déployer le plan vélo,Kilomètres d'aménagements cyclables sécurisés,km-amenagement-cyclables-securises,2019-12-31,16.0,kilomètres,0 - departemental
Déployer le plan vélo,Kilomètres d'aménagements cyclables sécurisés,km-amenagement-cyclables-securises,2020-09-30,16.0,kilomètres,0 - departemental
Déployer une offre France Services dans tous les territoires ,Nombre de labellisations (atteinte de l'objectif fixé),nb-labellisations-france-services,2020-01-31,2.0,labellisations,0 - departemental
Déployer une offre France Services dans tous les territoires ,Nombre de labellisations (atteinte de l'objectif fixé),nb-labellisations-france-services,2020-02-29,2.0,labellisations,0 - departemental
Déployer une offre France Services dans tous les territoires ,Nombre de labellisations (atteinte de l'objectif fixé),nb-labellisations-france-services,2020-03-31,2.0,labellisations,0 - departemental
Déployer une offre France Services dans tous les territoires ,Nombre de labellisations (atteinte de l'objectif fixé),nb-labellisations-france-services,2020-04-30,2.0,labellisations,0 - departemental
Déployer une offre France Services dans tous les territoires ,Nombre de labellisations (atteinte de l'objectif fixé),nb-labellisations-france-services,2020-05-31,2.0,labellisations,0 - departemental
Déployer une offre France Services dans tous les territoires ,Nombre de labellisations (atteinte de l'objectif fixé),nb-labellisations-france-services,2020-06-30,2.0,labellisations,0 - departemental
Déployer une offre France Services dans tous les territoires ,Nombre de labellisations (atteinte de l'objectif fixé),nb-labellisations-france-services,2020-07-31,2.0,labellisations,0 - departemental
Déployer une offre France Services dans tous les territoires ,Nombre de labellisations (atteinte de l'objectif fixé),nb-labellisations-france-services,2020-08-31,2.0,labellisations,0 - departemental
Déployer une offre France Services dans tous les territoires ,Nombre de labellisations (atteinte de l'objectif fixé),nb-labellisations-france-services,2020-09-30,9.0,labellisations,0 - departemental
Déployer une offre France Services dans tous les territoires ,Nombre de labellisations (atteinte de l'objectif fixé),nb-labellisations-france-services,2020-10-31,9.0,labellisations,0 - departemental
Déployer une offre France Services dans tous les territoires ,Nombre de labellisations (atteinte de l'objectif fixé),nb-labellisations-france-services,2020-11-30,9.0,labellisations,0 - departemental
Améliorer la qualité du service rendu à l’usager,Part des lieux d’accueil du public qui publient leurs résultats,tx-transparence-resultats,2017-12-31,14.0,%,0 - departemental
Améliorer la qualité du service rendu à l’usager,Part des lieux d’accueil du public qui publient leurs résultats,tx-transparence-resultats,2018-12-31,57.0,%,0 - departemental
Améliorer la qualité du service rendu à l’usager,Part des lieux d’accueil du public qui publient leurs résultats,tx-transparence-resultats,2019-12-31,50.0,%,0 - departemental
Développer l’apprentissage,Nombre de contrats d’apprentissage,nombre-contrats-apprentissage,2017-12-31,693.0,contrats,0 - departemental
Développer l’apprentissage,Nombre de contrats d’apprentissage,nombre-contrats-apprentissage,2019-12-31,877.0,contrats,0 - departemental
Offrir une scolarisation inclusive à tous les enfants handicapés,Nombre de classes adaptées à la scolarisation des enfants autistes (UEMA/UEEA) à l’école maternelle et à l’école élémentaire,nombre-creation-ueea,2019-09-30,1.0,classes,0 - departemental
Offrir une scolarisation inclusive à tous les enfants handicapés,Nombre de classes adaptées à la scolarisation des enfants autistes (UEMA/UEEA) à l’école maternelle et à l’école élémentaire,nombre-creation-ueea,2020-09-30,1.0,classes,0 - departemental
"Dédoubler les classes en REP (grande section, CP, CE1)",Part des classes de CP et CE1 en REP dédoublées,tx-classes-cp-ce1-rep,2020-10-31,100.0,% des classes,0 - departemental
Réduire la mortalité sur les routes,Nombre de morts sur les routes,nb-morts-routes,2019-02-28,0.0,morts dans l'année,0 - departemental
Réduire la mortalité sur les routes,Nombre de morts sur les routes,nb-morts-routes,2019-03-31,2.0,morts dans l'année,0 - departemental
Réduire la mortalité sur les routes,Nombre de morts sur les routes,nb-morts-routes,2019-04-30,1.0,morts dans l'année,0 - departemental
Réduire la mortalité sur les routes,Nombre de morts sur les routes,nb-morts-routes,2019-05-31,2.0,morts dans l'année,0 - departemental
Réduire la mortalité sur les routes,Nombre de morts sur les routes,nb-morts-routes,2019-06-30,4.0,morts dans l'année,0 - departemental
Réduire la mortalité sur les routes,Nombre de morts sur les routes,nb-morts-routes,2019-07-31,2.0,morts dans l'année,0 - departemental
Réduire la mortalité sur les routes,Nombre de morts sur les routes,nb-morts-routes,2019-08-31,4.0,morts dans l'année,0 - departemental
Réduire la mortalité sur les routes,Nombre de morts sur les routes,nb-morts-routes,2019-09-30,0.0,morts dans l'année,0 - departemental
Réduire la mortalité sur les routes,Nombre de morts sur les routes,nb-morts-routes,2019-10-31,1.0,morts dans l'année,0 - departemental
Réduire la mortalité sur les routes,Nombre de morts sur les routes,nb-morts-routes,2019-11-30,2.0,morts dans l'année,0 - departemental
Réduire la mortalité sur les routes,Nombre de morts sur les routes,nb-morts-routes,2019-12-31,1.0,morts dans l'année,0 - departemental
Réduire la mortalité sur les routes,Nombre de morts sur les routes,nb-morts-routes,2020-01-31,3.0,morts dans l'année,0 - departemental
Réduire la mortalité sur les routes,Nombre de morts sur les routes,nb-morts-routes,2020-02-29,0.0,morts dans l'année,0 - departemental
Réduire la mortalité sur les routes,Nombre de morts sur les routes,nb-morts-routes,2020-03-31,0.0,morts dans l'année,0 - departemental
Réduire la mortalité sur les routes,Nombre de morts sur les routes,nb-morts-routes,2020-04-30,0.0,morts dans l'année,0 - departemental
Réduire la mortalité sur les routes,Nombre de morts sur les routes,nb-morts-routes,2020-05-31,2.0,morts dans l'année,0 - departemental
Réduire la mortalité sur les routes,Nombre de morts sur les routes,nb-morts-routes,2020-06-30,0.0,morts dans l'année,0 - departemental
Réduire la mortalité sur les routes,Nombre de morts sur les routes,nb-morts-routes,2020-07-31,2.0,morts dans l'année,0 - departemental
Réduire la mortalité sur les routes,Nombre de morts sur les routes,nb-morts-routes,2020-08-31,1.0,morts dans l'année,0 - departemental
Réduire la mortalité sur les routes,Nombre de morts sur les routes,nb-morts-routes,2020-09-30,1.0,morts dans l'année,0 - departemental
Réduire la mortalité sur les routes,Nombre de morts sur les routes,nb-morts-routes,2020-10-31,0.0,morts dans l'année,0 - departemental
Réduire la mortalité sur les routes,Nombre de morts sur les routes,nb-morts-routes,2019-01-31,2.0,morts dans l'année,0 - departemental
Réduire la mortalité sur les routes,Nombre de morts sur les routes,nb-morts-routes,2018-12-31,4.0,morts dans l'année,0 - departemental
Réduire la mortalité sur les routes,Nombre de morts sur les routes,nb-morts-routes,2018-11-30,1.0,morts dans l'année,0 - departemental
Réduire la mortalité sur les routes,Nombre de morts sur les routes,nb-morts-routes,2018-10-31,3.0,morts dans l'année,0 - departemental
"Dédoubler les classes en REP (grande section, CP, CE1)",Part de grande section en REP dédoublées,tx-gs-rep,2019-11-30,5.0,% des classes,0 - departemental
"Dédoubler les classes en REP (grande section, CP, CE1)",Part de grande section en REP dédoublées,tx-gs-rep,2020-11-30,32.0,% des classes,0 - departemental
Réduire la mortalité sur les routes,Nombre de morts sur les routes,nb-morts-routes,2017-01-31,1.0,morts dans l'année,0 - departemental
Réduire la mortalité sur les routes,Nombre de morts sur les routes,nb-morts-routes,2017-02-28,0.0,morts dans l'année,0 - departemental
Réduire la mortalité sur les routes,Nombre de morts sur les routes,nb-morts-routes,2017-03-31,2.0,morts dans l'année,0 - departemental
Réduire la mortalité sur les routes,Nombre de morts sur les routes,nb-morts-routes,2017-04-30,0.0,morts dans l'année,0 - departemental
Réduire la mortalité sur les routes,Nombre de morts sur les routes,nb-morts-routes,2017-05-31,0.0,morts dans l'année,0 - departemental
Réduire la mortalité sur les routes,Nombre de morts sur les routes,nb-morts-routes,2017-06-30,4.0,morts dans l'année,0 - departemental
Réduire la mortalité sur les routes,Nombre de morts sur les routes,nb-morts-routes,2017-07-31,5.0,morts dans l'année,0 - departemental
Réduire la mortalité sur les routes,Nombre de morts sur les routes,nb-morts-routes,2017-08-31,4.0,morts dans l'année,0 - departemental
Verdir le parc automobile,Nombre de primes à la conversion et de bonus écologiques,nb-primes-conversion,2020-03-31,74.0,primes et bonus,0 - departemental
Réduire la mortalité sur les routes,Nombre de morts sur les routes,nb-morts-routes,2017-09-30,1.0,morts dans l'année,0 - departemental
Réduire la mortalité sur les routes,Nombre de morts sur les routes,nb-morts-routes,2017-11-30,1.0,morts dans l'année,0 - departemental
Réduire la mortalité sur les routes,Nombre de morts sur les routes,nb-morts-routes,2018-01-31,1.0,morts dans l'année,0 - departemental
Réduire la mortalité sur les routes,Nombre de morts sur les routes,nb-morts-routes,2018-02-28,1.0,morts dans l'année,0 - departemental
Réduire la mortalité sur les routes,Nombre de morts sur les routes,nb-morts-routes,2018-03-31,1.0,morts dans l'année,0 - departemental
Réduire la mortalité sur les routes,Nombre de morts sur les routes,nb-morts-routes,2018-04-30,2.0,morts dans l'année,0 - departemental
Réduire la mortalité sur les routes,Nombre de morts sur les routes,nb-morts-routes,2018-05-31,0.0,morts dans l'année,0 - departemental
Réduire la mortalité sur les routes,Nombre de morts sur les routes,nb-morts-routes,2018-06-30,1.0,morts dans l'année,0 - departemental
Réduire la mortalité sur les routes,Nombre de morts sur les routes,nb-morts-routes,2018-07-31,2.0,morts dans l'année,0 - departemental
Réduire la mortalité sur les routes,Nombre de morts sur les routes,nb-morts-routes,2018-08-31,1.0,morts dans l'année,0 - departemental
Réduire la mortalité sur les routes,Nombre de morts sur les routes,nb-morts-routes,2018-09-30,2.0,morts dans l'année,0 - departemental
Réduire la mortalité sur les routes,Nombre de morts sur les routes,nb-morts-routes,2017-10-31,1.0,morts dans l'année,0 - departemental
Verdir le parc automobile,Nombre de primes à la conversion et de bonus écologiques,nb-primes-conversion,2019-12-31,176.0,primes et bonus,0 - departemental
Réduire la mortalité sur les routes,Nombre de morts sur les routes,nb-morts-routes,2017-12-31,1.0,morts dans l'année,0 - departemental
Verdir le parc automobile,Nombre de primes à la conversion et de bonus écologiques,nb-primes-conversion,2019-06-30,201.0,primes et bonus,0 - departemental
Plan #1jeune1solution,Nombre de recrutements de jeunes,nombre-recrutements-jeunes,2019-09-30,638.0,recrutements dans l'année,0 - departemental
Plan #1jeune1solution,Nombre de recrutements de jeunes,nombre-recrutements-jeunes,2019-10-31,476.0,recrutements dans l'année,0 - departemental
Plan #1jeune1solution,Nombre de recrutements de jeunes,nombre-recrutements-jeunes,2019-11-30,273.0,recrutements dans l'année,0 - departemental
Plan #1jeune1solution,Nombre de recrutements de jeunes,nombre-recrutements-jeunes,2019-12-31,184.0,recrutements dans l'année,0 - departemental
Plan #1jeune1solution,Nombre de recrutements de jeunes,nombre-recrutements-jeunes,2020-01-31,269.0,recrutements dans l'année,0 - departemental
Plan #1jeune1solution,Nombre de recrutements de jeunes,nombre-recrutements-jeunes,2020-02-29,212.0,recrutements dans l'année,0 - departemental
Plan #1jeune1solution,Nombre de recrutements de jeunes,nombre-recrutements-jeunes,2020-03-31,237.0,recrutements dans l'année,0 - departemental
Plan #1jeune1solution,Nombre de recrutements de jeunes,nombre-recrutements-jeunes,2020-04-30,63.0,recrutements dans l'année,0 - departemental
Plan #1jeune1solution,Nombre de recrutements de jeunes,nombre-recrutements-jeunes,2020-05-31,186.0,recrutements dans l'année,0 - departemental
Plan #1jeune1solution,Nombre de recrutements de jeunes,nombre-recrutements-jeunes,2020-06-30,683.0,recrutements dans l'année,0 - departemental
Plan #1jeune1solution,Nombre de recrutements de jeunes,nombre-recrutements-jeunes,2020-07-31,461.0,recrutements dans l'année,0 - departemental
Renforcer la sécurité du quotidien,Nombre d’heures de patrouille de voie publique,nb-heures-patrouille,2020-01-31,23385.0,heures de patrouille dans l'année,0 - departemental
Renforcer la sécurité du quotidien,Nombre d’heures de patrouille de voie publique,nb-heures-patrouille,2020-02-29,19269.0,heures de patrouille dans l'année,0 - departemental
Renforcer la sécurité du quotidien,Nombre d’heures de patrouille de voie publique,nb-heures-patrouille,2020-03-31,23032.0,heures de patrouille dans l'année,0 - departemental
Renforcer la sécurité du quotidien,Nombre d’heures de patrouille de voie publique,nb-heures-patrouille,2020-04-30,23987.0,heures de patrouille dans l'année,0 - departemental
Renforcer la sécurité du quotidien,Nombre d’heures de patrouille de voie publique,nb-heures-patrouille,2020-05-31,23436.0,heures de patrouille dans l'année,0 - departemental
Renforcer la sécurité du quotidien,Nombre d’heures de patrouille de voie publique,nb-heures-patrouille,2020-06-30,19222.0,heures de patrouille dans l'année,0 - departemental
Renforcer la sécurité du quotidien,Nombre d’heures de patrouille de voie publique,nb-heures-patrouille,2020-07-31,21892.0,heures de patrouille dans l'année,0 - departemental
Renforcer la sécurité du quotidien,Nombre d’heures de patrouille de voie publique,nb-heures-patrouille,2020-08-31,20432.0,heures de patrouille dans l'année,0 - departemental
Renforcer la sécurité du quotidien,Nombre d’heures de patrouille de voie publique,nb-heures-patrouille,2020-09-30,20442.0,heures de patrouille dans l'année,0 - departemental
Renforcer la sécurité du quotidien,Nombre d’heures de patrouille de voie publique,nb-heures-patrouille,2020-10-31,20489.0,heures de patrouille dans l'année,0 - departemental
Plan #1jeune1solution,Nombre de recrutements de jeunes,nombre-recrutements-jeunes,2019-08-31,167.0,recrutements dans l'année,0 - departemental
Plan #1jeune1solution,Nombre de recrutements de jeunes,nombre-recrutements-jeunes,2019-07-31,375.0,recrutements dans l'année,0 - departemental
Plan #1jeune1solution,Nombre de recrutements de jeunes,nombre-recrutements-jeunes,2019-06-30,811.0,recrutements dans l'année,0 - departemental
Plan #1jeune1solution,Nombre de recrutements de jeunes,nombre-recrutements-jeunes,2019-05-31,847.0,recrutements dans l'année,0 - departemental
Verdir le parc automobile,Nombre de primes à la conversion et de bonus écologiques,nb-primes-conversion,2019-09-30,161.0,primes et bonus,0 - departemental
Simplifier l’accès aux droits des personnes handicapées,Durée moyenne de traitement pour les demandes d’allocation adulte handicapé,duree-moyenne-traitement-demandes-allocation-adulte-handicape,2019-12-31,2.5,mois de traitement,0 - departemental
Supprimer la taxe d’habitation sur les résidences principales,Nombre de bénéficiaires totalement exonérés,nb-beneficiaires-suppression-taxe-habitation,2018-12-31,17195.0,bénéficiaires,0 - departemental
Supprimer la taxe d’habitation sur les résidences principales,Nombre de bénéficiaires totalement exonérés,nb-beneficiaires-suppression-taxe-habitation,2019-12-31,17181.0,bénéficiaires,0 - departemental
Supprimer la taxe d’habitation sur les résidences principales,Nombre de bénéficiaires totalement exonérés,nb-beneficiaires-suppression-taxe-habitation,2020-12-31,56442.0,bénéficiaires,0 - departemental
Déployer Parcoursup ,Taux de réussite aux examens de licence 1,tx-reussite-examens,2017-10-31,48.0,% de réussite,0 - departemental
Déployer Parcoursup ,Taux de réussite aux examens de licence 1,tx-reussite-examens,2019-10-31,50.0,% de réussite,0 - departemental
Plan #1jeune1solution,Nombre de recrutements de jeunes,nombre-recrutements-jeunes,2018-01-31,211.0,recrutements dans l'année,0 - departemental
Plan #1jeune1solution,Nombre de recrutements de jeunes,nombre-recrutements-jeunes,2018-02-28,142.0,recrutements dans l'année,0 - departemental
Plan #1jeune1solution,Nombre de recrutements de jeunes,nombre-recrutements-jeunes,2018-03-31,291.0,recrutements dans l'année,0 - departemental
Assurer une bonne couverture en internet fixe et en téléphonie mobile pour tous les Français d'ici 2022,Taux de déploiement de la fibre,taux-deploiement-fibre,2017-12-31,8.0,% de déploiement,0 - departemental
Plan #1jeune1solution,Nombre de recrutements de jeunes,nombre-recrutements-jeunes,2018-04-30,802.0,recrutements dans l'année,0 - departemental
Plan #1jeune1solution,Nombre de recrutements de jeunes,nombre-recrutements-jeunes,2018-06-30,850.0,recrutements dans l'année,0 - departemental
Plan #1jeune1solution,Nombre de recrutements de jeunes,nombre-recrutements-jeunes,2018-07-31,393.0,recrutements dans l'année,0 - departemental
Plan #1jeune1solution,Nombre de recrutements de jeunes,nombre-recrutements-jeunes,2018-08-31,151.0,recrutements dans l'année,0 - departemental
Plan #1jeune1solution,Nombre de recrutements de jeunes,nombre-recrutements-jeunes,2018-09-30,560.0,recrutements dans l'année,0 - departemental
Plan #1jeune1solution,Nombre de recrutements de jeunes,nombre-recrutements-jeunes,2018-10-31,391.0,recrutements dans l'année,0 - departemental
Plan #1jeune1solution,Nombre de recrutements de jeunes,nombre-recrutements-jeunes,2018-11-30,290.0,recrutements dans l'année,0 - departemental
Plan #1jeune1solution,Nombre de recrutements de jeunes,nombre-recrutements-jeunes,2019-01-31,249.0,recrutements dans l'année,0 - departemental
Plan #1jeune1solution,Nombre de recrutements de jeunes,nombre-recrutements-jeunes,2019-02-28,178.0,recrutements dans l'année,0 - departemental
Plan #1jeune1solution,Nombre de recrutements de jeunes,nombre-recrutements-jeunes,2019-03-31,355.0,recrutements dans l'année,0 - departemental
Plan #1jeune1solution,Nombre de recrutements de jeunes,nombre-recrutements-jeunes,2019-04-30,824.0,recrutements dans l'année,0 - departemental
Plan #1jeune1solution,Nombre de recrutements de jeunes,nombre-recrutements-jeunes,2018-05-31,899.0,recrutements dans l'année,0 - departemental
Assurer une bonne couverture en internet fixe et en téléphonie mobile pour tous les Français d'ici 2022,Taux de déploiement de la fibre,taux-deploiement-fibre,2018-03-31,8.0,% de déploiement,0 - departemental
Plan #1jeune1solution,Nombre de recrutements de jeunes,nombre-recrutements-jeunes,2018-12-31,206.0,recrutements dans l'année,0 - departemental
Assurer une bonne couverture en internet fixe et en téléphonie mobile pour tous les Français d'ici 2022,Taux de déploiement de la fibre,taux-deploiement-fibre,2018-09-30,10.0,% de déploiement,0 - departemental
Offrir un logement aux sans-abris : Logement d’abord,Nombre de personnes sans abri ou en hébergement ayant obtenu un logement social,logement-sans-domicile-hebergement-urgence,2019-12-31,0.0,personnes dans l'année,0 - departemental
Offrir un logement aux sans-abris : Logement d’abord,Nombre de personnes sans abri ou en hébergement ayant obtenu un logement social,logement-sans-domicile-hebergement-urgence,2020-01-31,2.0,personnes dans l'année,0 - departemental
Offrir un logement aux sans-abris : Logement d’abord,Nombre de personnes sans abri ou en hébergement ayant obtenu un logement social,logement-sans-domicile-hebergement-urgence,2020-02-29,0.0,personnes dans l'année,0 - departemental
Offrir un logement aux sans-abris : Logement d’abord,Nombre de personnes sans abri ou en hébergement ayant obtenu un logement social,logement-sans-domicile-hebergement-urgence,2020-03-31,0.0,personnes dans l'année,0 - departemental
Offrir un logement aux sans-abris : Logement d’abord,Nombre de personnes sans abri ou en hébergement ayant obtenu un logement social,logement-sans-domicile-hebergement-urgence,2020-04-30,0.0,personnes dans l'année,0 - departemental
Offrir un logement aux sans-abris : Logement d’abord,Nombre de personnes sans abri ou en hébergement ayant obtenu un logement social,logement-sans-domicile-hebergement-urgence,2020-05-31,0.0,personnes dans l'année,0 - departemental
Offrir un logement aux sans-abris : Logement d’abord,Nombre de personnes sans abri ou en hébergement ayant obtenu un logement social,logement-sans-domicile-hebergement-urgence,2020-06-30,5.0,personnes dans l'année,0 - departemental
Offrir un logement aux sans-abris : Logement d’abord,Nombre de personnes sans abri ou en hébergement ayant obtenu un logement social,logement-sans-domicile-hebergement-urgence,2020-07-31,0.0,personnes dans l'année,0 - departemental
Offrir un logement aux sans-abris : Logement d’abord,Nombre de personnes sans abri ou en hébergement ayant obtenu un logement social,logement-sans-domicile-hebergement-urgence,2020-08-31,0.0,personnes dans l'année,0 - departemental
Offrir un logement aux sans-abris : Logement d’abord,Nombre de personnes sans abri ou en hébergement ayant obtenu un logement social,logement-sans-domicile-hebergement-urgence,2020-09-30,2.0,personnes dans l'année,0 - departemental
Offrir un logement aux sans-abris : Logement d’abord,Nombre de personnes sans abri ou en hébergement ayant obtenu un logement social,logement-sans-domicile-hebergement-urgence,2019-11-30,0.0,personnes dans l'année,0 - departemental
Mettre en œuvre la sortie du plastique à usage unique et lutter contre le gaspillage,Nombre de Français qui peuvent mettre tous les emballages dans le bac jaune,nb-francais-emballages-bac-jaune,2017-06-30,0.0,habitants,0 - departemental
Mettre en œuvre la sortie du plastique à usage unique et lutter contre le gaspillage,Nombre de Français qui peuvent mettre tous les emballages dans le bac jaune,nb-francais-emballages-bac-jaune,2018-12-31,0.0,habitants,0 - departemental
Mettre en œuvre la sortie du plastique à usage unique et lutter contre le gaspillage,Nombre de Français qui peuvent mettre tous les emballages dans le bac jaune,nb-francais-emballages-bac-jaune,2019-06-30,0.0,habitants,0 - departemental
Mettre en œuvre la sortie du plastique à usage unique et lutter contre le gaspillage,Nombre de Français qui peuvent mettre tous les emballages dans le bac jaune,nb-francais-emballages-bac-jaune,2019-12-31,170000.0,habitants,0 - departemental
Mettre en œuvre la sortie du plastique à usage unique et lutter contre le gaspillage,Nombre de Français qui peuvent mettre tous les emballages dans le bac jaune,nb-francais-emballages-bac-jaune,2020-06-30,170000.0,habitants,0 - departemental
Verdir le parc automobile,Nombre de primes à la conversion et de bonus écologiques,nb-primes-conversion,2018-03-31,41.0,primes et bonus,0 - departemental
Verdir le parc automobile,Nombre de primes à la conversion et de bonus écologiques,nb-primes-conversion,2018-06-30,119.0,primes et bonus,0 - departemental
Verdir le parc automobile,Nombre de primes à la conversion et de bonus écologiques,nb-primes-conversion,2018-09-30,170.0,primes et bonus,0 - departemental
Verdir le parc automobile,Nombre de primes à la conversion et de bonus écologiques,nb-primes-conversion,2018-12-31,148.0,primes et bonus,0 - departemental
Assurer une bonne couverture en internet fixe et en téléphonie mobile pour tous les Français d'ici 2022,Taux de déploiement de la fibre,taux-deploiement-fibre,2018-06-30,9.0,% de déploiement,0 - departemental
Verdir le parc automobile,Nombre de primes à la conversion et de bonus écologiques,nb-primes-conversion,2019-03-31,197.0,primes et bonus,0 - departemental
Mettre en œuvre la sortie du plastique à usage unique et lutter contre le gaspillage,Nombre de Français qui peuvent mettre tous les emballages dans le bac jaune,nb-francais-emballages-bac-jaune,2018-06-30,0.0,habitants,0 - departemental
Offrir un logement aux sans-abris : Logement d’abord,Nombre de personnes sans abri ou en hébergement ayant obtenu un logement social,logement-sans-domicile-hebergement-urgence,2019-10-31,0.0,personnes dans l'année,0 - departemental
Mettre en œuvre la sortie du plastique à usage unique et lutter contre le gaspillage,Nombre de Français qui peuvent mettre tous les emballages dans le bac jaune,nb-francais-emballages-bac-jaune,2017-12-31,0.0,habitants,0 - departemental
Offrir un logement aux sans-abris : Logement d’abord,Nombre de personnes sans abri ou en hébergement ayant obtenu un logement social,logement-sans-domicile-hebergement-urgence,2019-08-31,3.0,personnes dans l'année,0 - departemental
Assurer une bonne couverture en internet fixe et en téléphonie mobile pour tous les Français d'ici 2022,Taux de déploiement de la fibre,taux-deploiement-fibre,2019-03-31,11.0,% de déploiement,0 - departemental
Offrir un logement aux sans-abris : Logement d’abord,Nombre de personnes sans abri ou en hébergement ayant obtenu un logement social,logement-sans-domicile-hebergement-urgence,2019-09-30,2.0,personnes dans l'année,0 - departemental
Assurer une bonne couverture en internet fixe et en téléphonie mobile pour tous les Français d'ici 2022,Taux de déploiement de la fibre,taux-deploiement-fibre,2019-06-30,13.0,% de déploiement,0 - departemental
Assurer une bonne couverture en internet fixe et en téléphonie mobile pour tous les Français d'ici 2022,Taux de déploiement de la fibre,taux-deploiement-fibre,2019-09-30,14.0,% de déploiement,0 - departemental
Assurer une bonne couverture en internet fixe et en téléphonie mobile pour tous les Français d'ici 2022,Taux de déploiement de la fibre,taux-deploiement-fibre,2019-12-31,20.0,% de déploiement,0 - departemental
Assurer une bonne couverture en internet fixe et en téléphonie mobile pour tous les Français d'ici 2022,Taux de déploiement de la fibre,taux-deploiement-fibre,2020-03-31,21.0,% de déploiement,0 - departemental
Assurer une bonne couverture en internet fixe et en téléphonie mobile pour tous les Français d'ici 2022,Taux de déploiement de la fibre,taux-deploiement-fibre,2018-12-31,10.0,% de déploiement,0 - departemental
Offrir un logement aux sans-abris : Logement d’abord,Nombre de personnes sans abri ou en hébergement ayant obtenu un logement social,logement-sans-domicile-hebergement-urgence,2018-06-30,3.0,personnes dans l'année,0 - departemental
Offrir un logement aux sans-abris : Logement d’abord,Nombre de personnes sans abri ou en hébergement ayant obtenu un logement social,logement-sans-domicile-hebergement-urgence,2018-07-31,2.0,personnes dans l'année,0 - departemental
Offrir un logement aux sans-abris : Logement d’abord,Nombre de personnes sans abri ou en hébergement ayant obtenu un logement social,logement-sans-domicile-hebergement-urgence,2018-08-31,0.0,personnes dans l'année,0 - departemental
Offrir un logement aux sans-abris : Logement d’abord,Nombre de personnes sans abri ou en hébergement ayant obtenu un logement social,logement-sans-domicile-hebergement-urgence,2018-09-30,4.0,personnes dans l'année,0 - departemental
Assurer une bonne couverture en internet fixe et en téléphonie mobile pour tous les Français d'ici 2022,Taux de déploiement de la fibre,taux-deploiement-fibre,2020-06-30,22.0,% de déploiement,0 - departemental
Offrir un logement aux sans-abris : Logement d’abord,Nombre de personnes sans abri ou en hébergement ayant obtenu un logement social,logement-sans-domicile-hebergement-urgence,2018-11-30,0.0,personnes dans l'année,0 - departemental
Offrir un logement aux sans-abris : Logement d’abord,Nombre de personnes sans abri ou en hébergement ayant obtenu un logement social,logement-sans-domicile-hebergement-urgence,2018-12-31,3.0,personnes dans l'année,0 - departemental
Offrir un logement aux sans-abris : Logement d’abord,Nombre de personnes sans abri ou en hébergement ayant obtenu un logement social,logement-sans-domicile-hebergement-urgence,2019-01-31,2.0,personnes dans l'année,0 - departemental
Offrir un logement aux sans-abris : Logement d’abord,Nombre de personnes sans abri ou en hébergement ayant obtenu un logement social,logement-sans-domicile-hebergement-urgence,2019-02-28,0.0,personnes dans l'année,0 - departemental
Offrir un logement aux sans-abris : Logement d’abord,Nombre de personnes sans abri ou en hébergement ayant obtenu un logement social,logement-sans-domicile-hebergement-urgence,2019-03-31,5.0,personnes dans l'année,0 - departemental
Offrir un logement aux sans-abris : Logement d’abord,Nombre de personnes sans abri ou en hébergement ayant obtenu un logement social,logement-sans-domicile-hebergement-urgence,2019-04-30,0.0,personnes dans l'année,0 - departemental
Offrir un logement aux sans-abris : Logement d’abord,Nombre de personnes sans abri ou en hébergement ayant obtenu un logement social,logement-sans-domicile-hebergement-urgence,2019-05-31,2.0,personnes dans l'année,0 - departemental
Offrir un logement aux sans-abris : Logement d’abord,Nombre de personnes sans abri ou en hébergement ayant obtenu un logement social,logement-sans-domicile-hebergement-urgence,2018-10-31,2.0,personnes dans l'année,0 - departemental
Offrir un logement aux sans-abris : Logement d’abord,Nombre de personnes sans abri ou en hébergement ayant obtenu un logement social,logement-sans-domicile-hebergement-urgence,2019-06-30,2.0,personnes dans l'année,0 - departemental
Offrir un logement aux sans-abris : Logement d’abord,Nombre de personnes sans abri ou en hébergement ayant obtenu un logement social,logement-sans-domicile-hebergement-urgence,2019-07-31,4.0,personnes dans l'année,0 - departemental
"Proposer une offre de lunettes, appareils auditifs et prothèses dentaires remboursée à 100%",Part des équipements/soins auditives 100% santé dans le total des soins,tx-equipements-audio,2020-05-31,39.32,%,1 - regional
"Proposer une offre de lunettes, appareils auditifs et prothèses dentaires remboursée à 100%",Part des équipements/soins auditives 100% santé dans le total des soins,tx-equipements-audio,2019-04-30,13.11,%,1 - regional
"Proposer une offre de lunettes, appareils auditifs et prothèses dentaires remboursée à 100%",Part des équipements/soins auditives 100% santé dans le total des soins,tx-equipements-audio,2019-05-31,9.97,%,1 - regional
"Proposer une offre de lunettes, appareils auditifs et prothèses dentaires remboursée à 100%",Part des équipements/soins auditives 100% santé dans le total des soins,tx-equipements-audio,2019-06-30,14.01,%,1 - regional
"Proposer une offre de lunettes, appareils auditifs et prothèses dentaires remboursée à 100%",Part des équipements/soins auditives 100% santé dans le total des soins,tx-equipements-audio,2019-07-31,8.14,%,1 - regional
"Proposer une offre de lunettes, appareils auditifs et prothèses dentaires remboursée à 100%",Part des équipements/soins auditives 100% santé dans le total des soins,tx-equipements-audio,2019-08-31,16.26,%,1 - regional
"Proposer une offre de lunettes, appareils auditifs et prothèses dentaires remboursée à 100%",Part des équipements/soins auditives 100% santé dans le total des soins,tx-equipements-audio,2019-09-30,11.69,%,1 - regional
"Proposer une offre de lunettes, appareils auditifs et prothèses dentaires remboursée à 100%",Part des équipements/soins auditives 100% santé dans le total des soins,tx-equipements-audio,2019-10-31,17.94,%,1 - regional
"Proposer une offre de lunettes, appareils auditifs et prothèses dentaires remboursée à 100%",Part des équipements/soins auditives 100% santé dans le total des soins,tx-equipements-audio,2019-11-30,12.15,%,1 - regional
"Proposer une offre de lunettes, appareils auditifs et prothèses dentaires remboursée à 100%",Part des équipements/soins auditives 100% santé dans le total des soins,tx-equipements-audio,2019-12-31,11.55,%,1 - regional
"Proposer une offre de lunettes, appareils auditifs et prothèses dentaires remboursée à 100%",Part des équipements/soins auditives 100% santé dans le total des soins,tx-equipements-audio,2020-01-31,23.44,%,1 - regional
"Proposer une offre de lunettes, appareils auditifs et prothèses dentaires remboursée à 100%",Part des équipements/soins auditives 100% santé dans le total des soins,tx-equipements-audio,2020-02-29,28.96,%,1 - regional
"Proposer une offre de lunettes, appareils auditifs et prothèses dentaires remboursée à 100%",Part des équipements/soins auditives 100% santé dans le total des soins,tx-equipements-audio,2020-03-31,36.58,%,1 - regional
"Proposer une offre de lunettes, appareils auditifs et prothèses dentaires remboursée à 100%",Part des équipements/soins auditives 100% santé dans le total des soins,tx-equipements-audio,2020-04-30,19.05,%,1 - regional
"Proposer une offre de lunettes, appareils auditifs et prothèses dentaires remboursée à 100%",Part des équipements/soins auditives 100% santé dans le total des soins,tx-equipements-audio,2020-06-30,34.43,%,1 - regional
"Proposer une offre de lunettes, appareils auditifs et prothèses dentaires remboursée à 100%",Part des équipements/soins auditives 100% santé dans le total des soins,tx-equipements-audio,2020-07-31,30.93,%,1 - regional
"Proposer une offre de lunettes, appareils auditifs et prothèses dentaires remboursée à 100%",Part des équipements/soins auditives 100% santé dans le total des soins,tx-equipements-audio,2020-08-31,33.99,%,1 - regional
"Proposer une offre de lunettes, appareils auditifs et prothèses dentaires remboursée à 100%",Part des équipements/soins auditives 100% santé dans le total des soins,tx-equipements-audio,2020-09-30,28.52,%,1 - regional
"Proposer une offre de lunettes, appareils auditifs et prothèses dentaires remboursée à 100%",Part des équipements/soins auditives 100% santé dans le total des soins,tx-equipements-audio,2020-10-31,35.9,%,1 - regional
"Proposer une offre de lunettes, appareils auditifs et prothèses dentaires remboursée à 100%",Part des équipements/soins 100% santé dans le total des soins optiques,tx-equipements-optique,2020-01-31,10.65,%,1 - regional
"Proposer une offre de lunettes, appareils auditifs et prothèses dentaires remboursée à 100%",Part des équipements/soins 100% santé dans le total des soins optiques,tx-equipements-optique,2020-02-29,11.87,%,1 - regional
"Proposer une offre de lunettes, appareils auditifs et prothèses dentaires remboursée à 100%",Part des équipements/soins 100% santé dans le total des soins optiques,tx-equipements-optique,2020-03-31,12.28,%,1 - regional
"Proposer une offre de lunettes, appareils auditifs et prothèses dentaires remboursée à 100%",Part des équipements/soins 100% santé dans le total des soins optiques,tx-equipements-optique,2020-04-30,6.86,%,1 - regional
"Proposer une offre de lunettes, appareils auditifs et prothèses dentaires remboursée à 100%",Part des équipements/soins 100% santé dans le total des soins optiques,tx-equipements-optique,2020-05-31,11.73,%,1 - regional
"Proposer une offre de lunettes, appareils auditifs et prothèses dentaires remboursée à 100%",Part des équipements/soins 100% santé dans le total des soins optiques,tx-equipements-optique,2020-06-30,10.58,%,1 - regional
"Proposer une offre de lunettes, appareils auditifs et prothèses dentaires remboursée à 100%",Part des équipements/soins 100% santé dans le total des soins optiques,tx-equipements-optique,2020-07-31,11.65,%,1 - regional
"Proposer une offre de lunettes, appareils auditifs et prothèses dentaires remboursée à 100%",Part des équipements/soins 100% santé dans le total des soins optiques,tx-equipements-optique,2020-08-31,11.34,%,1 - regional
"Proposer une offre de lunettes, appareils auditifs et prothèses dentaires remboursée à 100%",Part des équipements/soins 100% santé dans le total des soins optiques,tx-equipements-optique,2020-09-30,11.57,%,1 - regional
"Proposer une offre de lunettes, appareils auditifs et prothèses dentaires remboursée à 100%",Part des équipements/soins 100% santé dans le total des soins optiques,tx-equipements-optique,2020-10-31,12.04,%,1 - regional
"Proposer une offre de lunettes, appareils auditifs et prothèses dentaires remboursée à 100%",Part des équipements/soins auditives 100% santé dans le total des soins,tx-equipements-audio,2019-03-31,9.78,%,1 - regional
"Proposer une offre de lunettes, appareils auditifs et prothèses dentaires remboursée à 100%",Part des équipements/soins auditives 100% santé dans le total des soins,tx-equipements-audio,2019-02-28,7.79,%,1 - regional
"Proposer une offre de lunettes, appareils auditifs et prothèses dentaires remboursée à 100%",Part des équipements/soins auditives 100% santé dans le total des soins,tx-equipements-audio,2019-01-31,6.06,%,1 - regional
Lutter contre les violences faites aux femmes,Nombre d’ordonnances de protection délivrées,nb-ordonnances-delivrees,2017-06-30,3.0,ordonnances dans l'année,1 - regional
Lutter contre les violences faites aux femmes,Nombre d’ordonnances de protection délivrées,nb-ordonnances-delivrees,2017-09-30,3.0,ordonnances dans l'année,1 - regional
Lutter contre les violences faites aux femmes,Nombre d’ordonnances de protection délivrées,nb-ordonnances-delivrees,2017-12-31,2.0,ordonnances dans l'année,1 - regional
Lutter contre les violences faites aux femmes,Nombre d’ordonnances de protection délivrées,nb-ordonnances-delivrees,2018-06-30,0.0,ordonnances dans l'année,1 - regional
Lutter contre les violences faites aux femmes,Nombre d’ordonnances de protection délivrées,nb-ordonnances-delivrees,2018-09-30,2.0,ordonnances dans l'année,1 - regional
Lutter contre les violences faites aux femmes,Nombre d’ordonnances de protection délivrées,nb-ordonnances-delivrees,2018-12-31,3.0,ordonnances dans l'année,1 - regional
Lutter contre les violences faites aux femmes,Nombre d’ordonnances de protection délivrées,nb-ordonnances-delivrees,2019-06-30,3.0,ordonnances dans l'année,1 - regional
Lutter contre les violences faites aux femmes,Nombre d’ordonnances de protection délivrées,nb-ordonnances-delivrees,2019-09-30,0.0,ordonnances dans l'année,1 - regional
Lutter contre les violences faites aux femmes,Nombre d’ordonnances de protection délivrées,nb-ordonnances-delivrees,2019-12-31,8.0,ordonnances dans l'année,1 - regional
Lutter contre les violences faites aux femmes,Nombre d’ordonnances de protection délivrées,nb-ordonnances-delivrees,2020-03-31,5.0,ordonnances dans l'année,1 - regional
Lutter contre les violences faites aux femmes,Nombre d’ordonnances de protection délivrées,nb-ordonnances-delivrees,2020-06-30,6.0,ordonnances dans l'année,1 - regional
Lutter contre les violences faites aux femmes,Nombre d’ordonnances de protection délivrées,nb-ordonnances-delivrees,2020-09-30,6.0,ordonnances dans l'année,1 - regional
Lutter contre les violences faites aux femmes,Nombre d’ordonnances de protection délivrées,nb-ordonnances-delivrees,2018-03-31,3.0,ordonnances dans l'année,1 - regional
Lutter contre les violences faites aux femmes,Nombre d’ordonnances de protection délivrées,nb-ordonnances-delivrees,2019-03-31,3.0,ordonnances dans l'année,1 - regional
Pacte d’ambition pour l’insertion par l’activité économique,Nombre de bénéficiaires en structures d’insertion par l’activité économique,nb-beneficiaires-siae,2018-09-30,71.0,bénéficiaires par mois,1 - regional
Pacte d’ambition pour l’insertion par l’activité économique,Nombre de bénéficiaires en structures d’insertion par l’activité économique,nb-beneficiaires-siae,2018-10-31,74.0,bénéficiaires par mois,1 - regional
Pacte d’ambition pour l’insertion par l’activité économique,Nombre de bénéficiaires en structures d’insertion par l’activité économique,nb-beneficiaires-siae,2018-11-30,85.0,bénéficiaires par mois,1 - regional
Pacte d’ambition pour l’insertion par l’activité économique,Nombre de bénéficiaires en structures d’insertion par l’activité économique,nb-beneficiaires-siae,2018-12-31,61.0,bénéficiaires par mois,1 - regional
Pacte d’ambition pour l’insertion par l’activité économique,Nombre de bénéficiaires en structures d’insertion par l’activité économique,nb-beneficiaires-siae,2019-01-31,88.0,bénéficiaires par mois,1 - regional
Pacte d’ambition pour l’insertion par l’activité économique,Nombre de bénéficiaires en structures d’insertion par l’activité économique,nb-beneficiaires-siae,2019-02-28,54.0,bénéficiaires par mois,1 - regional
Pacte d’ambition pour l’insertion par l’activité économique,Nombre de bénéficiaires en structures d’insertion par l’activité économique,nb-beneficiaires-siae,2019-03-31,74.0,bénéficiaires par mois,1 - regional
Pacte d’ambition pour l’insertion par l’activité économique,Nombre de bénéficiaires en structures d’insertion par l’activité économique,nb-beneficiaires-siae,2019-04-30,96.0,bénéficiaires par mois,1 - regional
Pacte d’ambition pour l’insertion par l’activité économique,Nombre de bénéficiaires en structures d’insertion par l’activité économique,nb-beneficiaires-siae,2019-05-31,74.0,bénéficiaires par mois,1 - regional
Pacte d’ambition pour l’insertion par l’activité économique,Nombre de bénéficiaires en structures d’insertion par l’activité économique,nb-beneficiaires-siae,2019-06-30,69.0,bénéficiaires par mois,1 - regional
Pacte d’ambition pour l’insertion par l’activité économique,Nombre de bénéficiaires en structures d’insertion par l’activité économique,nb-beneficiaires-siae,2019-07-31,65.0,bénéficiaires par mois,1 - regional
Pacte d’ambition pour l’insertion par l’activité économique,Nombre de bénéficiaires en structures d’insertion par l’activité économique,nb-beneficiaires-siae,2019-08-31,35.0,bénéficiaires par mois,1 - regional
Pacte d’ambition pour l’insertion par l’activité économique,Nombre de bénéficiaires en structures d’insertion par l’activité économique,nb-beneficiaires-siae,2019-09-30,98.0,bénéficiaires par mois,1 - regional
Pacte d’ambition pour l’insertion par l’activité économique,Nombre de bénéficiaires en structures d’insertion par l’activité économique,nb-beneficiaires-siae,2019-10-31,80.0,bénéficiaires par mois,1 - regional
Pacte d’ambition pour l’insertion par l’activité économique,Nombre de bénéficiaires en structures d’insertion par l’activité économique,nb-beneficiaires-siae,2018-08-31,38.0,bénéficiaires par mois,1 - regional
Pacte d’ambition pour l’insertion par l’activité économique,Nombre de bénéficiaires en structures d’insertion par l’activité économique,nb-beneficiaires-siae,2019-11-30,76.0,bénéficiaires par mois,1 - regional
Pacte d’ambition pour l’insertion par l’activité économique,Nombre de bénéficiaires en structures d’insertion par l’activité économique,nb-beneficiaires-siae,2020-01-31,83.0,bénéficiaires par mois,1 - regional
Pacte d’ambition pour l’insertion par l’activité économique,Nombre de bénéficiaires en structures d’insertion par l’activité économique,nb-beneficiaires-siae,2020-02-29,62.0,bénéficiaires par mois,1 - regional
Pacte d’ambition pour l’insertion par l’activité économique,Nombre de bénéficiaires en structures d’insertion par l’activité économique,nb-beneficiaires-siae,2020-04-30,37.0,bénéficiaires par mois,1 - regional
Pacte d’ambition pour l’insertion par l’activité économique,Nombre de bénéficiaires en structures d’insertion par l’activité économique,nb-beneficiaires-siae,2020-05-31,73.0,bénéficiaires par mois,1 - regional
Pacte d’ambition pour l’insertion par l’activité économique,Nombre de bénéficiaires en structures d’insertion par l’activité économique,nb-beneficiaires-siae,2020-06-30,111.0,bénéficiaires par mois,1 - regional
Pacte d’ambition pour l’insertion par l’activité économique,Nombre de bénéficiaires en structures d’insertion par l’activité économique,nb-beneficiaires-siae,2020-07-31,64.0,bénéficiaires par mois,1 - regional
Pacte d’ambition pour l’insertion par l’activité économique,Nombre de bénéficiaires en structures d’insertion par l’activité économique,nb-beneficiaires-siae,2019-12-31,54.0,bénéficiaires par mois,1 - regional
Pacte d’ambition pour l’insertion par l’activité économique,Nombre de bénéficiaires en structures d’insertion par l’activité économique,nb-beneficiaires-siae,2018-07-31,54.0,bénéficiaires par mois,1 - regional
Pacte d’ambition pour l’insertion par l’activité économique,Nombre de bénéficiaires en structures d’insertion par l’activité économique,nb-beneficiaires-siae,2020-03-31,67.0,bénéficiaires par mois,1 - regional
Pacte d’ambition pour l’insertion par l’activité économique,Nombre de bénéficiaires en structures d’insertion par l’activité économique,nb-beneficiaires-siae,2018-05-31,88.0,bénéficiaires par mois,1 - regional
Pacte d’ambition pour l’insertion par l’activité économique,Nombre de bénéficiaires en structures d’insertion par l’activité économique,nb-beneficiaires-siae,2018-06-30,75.0,bénéficiaires par mois,1 - regional
Pacte d’ambition pour l’insertion par l’activité économique,Nombre de bénéficiaires en structures d’insertion par l’activité économique,nb-beneficiaires-siae,2018-03-31,58.0,bénéficiaires par mois,1 - regional
Pacte d’ambition pour l’insertion par l’activité économique,Nombre de bénéficiaires en structures d’insertion par l’activité économique,nb-beneficiaires-siae,2018-04-30,96.0,bénéficiaires par mois,1 - regional
Pacte d’ambition pour l’insertion par l’activité économique,Nombre de bénéficiaires en structures d’insertion par l’activité économique,nb-beneficiaires-siae,2018-01-31,60.0,bénéficiaires par mois,1 - regional
Pacte d’ambition pour l’insertion par l’activité économique,Nombre de bénéficiaires en structures d’insertion par l’activité économique,nb-beneficiaires-siae,2018-02-28,49.0,bénéficiaires par mois,1 - regional
Renforcer la sécurité du quotidien,Nombre d’heures de patrouille de voie publique,nb-heures-patrouille,2017-06-30,5633082.0,heures de patrouille dans l'année,2 - national
Renforcer la sécurité du quotidien,Nombre d’heures de patrouille de voie publique,nb-heures-patrouille,2017-08-31,5368747.0,heures de patrouille dans l'année,2 - national
Renforcer la sécurité du quotidien,Nombre d’heures de patrouille de voie publique,nb-heures-patrouille,2017-05-31,5856884.0,heures de patrouille dans l'année,2 - national
Renforcer la sécurité du quotidien,Nombre d’heures de patrouille de voie publique,nb-heures-patrouille,2017-04-30,5402226.0,heures de patrouille dans l'année,2 - national
Renforcer la sécurité du quotidien,Nombre d’heures de patrouille de voie publique,nb-heures-patrouille,2017-09-30,5604236.0,heures de patrouille dans l'année,2 - national
Renforcer la sécurité du quotidien,Nombre d’heures de patrouille de voie publique,nb-heures-patrouille,2017-03-31,6270173.0,heures de patrouille dans l'année,2 - national
Renforcer la sécurité du quotidien,Nombre d’heures de patrouille de voie publique,nb-heures-patrouille,2017-07-31,5373390.0,heures de patrouille dans l'année,2 - national
Renforcer la sécurité du quotidien,Nombre d’heures de patrouille de voie publique,nb-heures-patrouille,2017-02-28,5233294.0,heures de patrouille dans l'année,2 - national
Lutter contre les atteintes aux principes républicains,Nombre de contrôles réalisés par les plans de lutte contre la radicalisation dans les quartiers (PLR-Q) et les cellules départementales de lutte contre l'islamisme et le repli communautaire (CLIR),nb-controles-clir,2020-08-31,299.0,contrôles dans l'année,2 - national
Renforcer la sécurité du quotidien,Nombre d’heures de patrouille de voie publique,nb-heures-patrouille,2017-10-31,5812961.0,heures de patrouille dans l'année,2 - national
Lutter contre les atteintes aux principes républicains,Nombre de contrôles réalisés par les plans de lutte contre la radicalisation dans les quartiers (PLR-Q) et les cellules départementales de lutte contre l'islamisme et le repli communautaire (CLIR),nb-controles-clir,2020-10-31,711.0,contrôles dans l'année,2 - national
Lutter contre les atteintes aux principes républicains,Nombre de contrôles réalisés par les plans de lutte contre la radicalisation dans les quartiers (PLR-Q) et les cellules départementales de lutte contre l'islamisme et le repli communautaire (CLIR),nb-controles-clir,2020-09-30,561.0,contrôles dans l'année,2 - national
Renforcer la sécurité du quotidien,Nombre d’heures de patrouille de voie publique,nb-heures-patrouille,2017-01-31,6212339.0,heures de patrouille dans l'année,2 - national
Renforcer la sécurité du quotidien,Nombre d’heures de patrouille de voie publique,nb-heures-patrouille,2017-11-30,5735506.0,heures de patrouille dans l'année,2 - national
Renforcer la sécurité du quotidien,Nombre d’heures de patrouille de voie publique,nb-heures-patrouille,2019-02-28,5381896.0,heures de patrouille dans l'année,2 - national
Renforcer la sécurité du quotidien,Nombre d’heures de patrouille de voie publique,nb-heures-patrouille,2018-01-31,6146927.0,heures de patrouille dans l'année,2 - national
Renforcer la sécurité du quotidien,Nombre d’heures de patrouille de voie publique,nb-heures-patrouille,2019-10-31,5936668.0,heures de patrouille dans l'année,2 - national
Renforcer la sécurité du quotidien,Nombre d’heures de patrouille de voie publique,nb-heures-patrouille,2019-09-30,5572873.0,heures de patrouille dans l'année,2 - national
Lutter contre les atteintes aux principes républicains,Nombre de contrôles réalisés par les plans de lutte contre la radicalisation dans les quartiers (PLR-Q) et les cellules départementales de lutte contre l'islamisme et le repli communautaire (CLIR),nb-controles-clir,2020-07-31,211.0,contrôles dans l'année,2 - national
Renforcer la sécurité du quotidien,Nombre d’heures de patrouille de voie publique,nb-heures-patrouille,2019-08-31,5470370.0,heures de patrouille dans l'année,2 - national
Renforcer la sécurité du quotidien,Nombre d’heures de patrouille de voie publique,nb-heures-patrouille,2019-07-31,5686769.0,heures de patrouille dans l'année,2 - national
Renforcer la sécurité du quotidien,Nombre d’heures de patrouille de voie publique,nb-heures-patrouille,2019-06-30,5419459.0,heures de patrouille dans l'année,2 - national
Renforcer la sécurité du quotidien,Nombre d’heures de patrouille de voie publique,nb-heures-patrouille,2019-05-31,5819336.0,heures de patrouille dans l'année,2 - national
Renforcer la sécurité du quotidien,Nombre d’heures de patrouille de voie publique,nb-heures-patrouille,2019-04-30,5722508.0,heures de patrouille dans l'année,2 - national
Renforcer la sécurité du quotidien,Nombre d’heures de patrouille de voie publique,nb-heures-patrouille,2019-03-31,6212105.0,heures de patrouille dans l'année,2 - national
Renforcer la sécurité du quotidien,Nombre d’heures de patrouille de voie publique,nb-heures-patrouille,2019-01-31,6387402.0,heures de patrouille dans l'année,2 - national
Renforcer la sécurité du quotidien,Nombre d’heures de patrouille de voie publique,nb-heures-patrouille,2018-12-31,6057763.0,heures de patrouille dans l'année,2 - national
Renforcer la sécurité du quotidien,Nombre d’heures de patrouille de voie publique,nb-heures-patrouille,2018-11-30,6158125.0,heures de patrouille dans l'année,2 - national
Renforcer la sécurité du quotidien,Nombre d’heures de patrouille de voie publique,nb-heures-patrouille,2018-10-31,6074323.0,heures de patrouille dans l'année,2 - national
Renforcer la sécurité du quotidien,Nombre d’heures de patrouille de voie publique,nb-heures-patrouille,2018-09-30,5506210.0,heures de patrouille dans l'année,2 - national
Renforcer la sécurité du quotidien,Nombre d’heures de patrouille de voie publique,nb-heures-patrouille,2018-08-31,5462695.0,heures de patrouille dans l'année,2 - national
Renforcer la sécurité du quotidien,Nombre d’heures de patrouille de voie publique,nb-heures-patrouille,2018-07-31,5402838.0,heures de patrouille dans l'année,2 - national
Renforcer la sécurité du quotidien,Nombre d’heures de patrouille de voie publique,nb-heures-patrouille,2018-06-30,5194387.0,heures de patrouille dans l'année,2 - national
Renforcer la sécurité du quotidien,Nombre d’heures de patrouille de voie publique,nb-heures-patrouille,2018-05-31,5360375.0,heures de patrouille dans l'année,2 - national
Renforcer la sécurité du quotidien,Nombre d’heures de patrouille de voie publique,nb-heures-patrouille,2018-04-30,5415126.0,heures de patrouille dans l'année,2 - national
Renforcer la sécurité du quotidien,Nombre d’heures de patrouille de voie publique,nb-heures-patrouille,2018-03-31,5906721.0,heures de patrouille dans l'année,2 - national
Renforcer la sécurité du quotidien,Nombre d’heures de patrouille de voie publique,nb-heures-patrouille,2018-02-28,5345280.0,heures de patrouille dans l'année,2 - national
Renforcer la sécurité du quotidien,Nombre d’heures de patrouille de voie publique,nb-heures-patrouille,2017-12-31,5934661.0,heures de patrouille dans l'année,2 - national
Lutter contre les atteintes aux principes républicains,Nombre de contrôles réalisés par les plans de lutte contre la radicalisation dans les quartiers (PLR-Q) et les cellules départementales de lutte contre l'islamisme et le repli communautaire (CLIR),nb-controles-clir,2020-06-30,1171.0,contrôles dans l'année,2 - national
Lutter contre les atteintes aux principes républicains,Nombre de contrôles réalisés par les plans de lutte contre la radicalisation dans les quartiers (PLR-Q) et les cellules départementales de lutte contre l'islamisme et le repli communautaire (CLIR),nb-controles-clir,2020-04-30,0.0,contrôles dans l'année,2 - national
Renforcer la sécurité du quotidien,Nombre d’heures de patrouille de voie publique,nb-heures-patrouille,2019-11-30,5757763.0,heures de patrouille dans l'année,2 - national
Lutter contre les atteintes aux principes républicains,Nombre de contrôles réalisés par les plans de lutte contre la radicalisation dans les quartiers (PLR-Q) et les cellules départementales de lutte contre l'islamisme et le repli communautaire (CLIR),nb-controles-clir,2020-05-31,0.0,contrôles dans l'année,2 - national
Lutter contre les atteintes aux principes républicains,Nombre de contrôles réalisés par les plans de lutte contre la radicalisation dans les quartiers (PLR-Q) et les cellules départementales de lutte contre l'islamisme et le repli communautaire (CLIR),nb-controles-clir,2020-03-31,0.0,contrôles dans l'année,2 - national
Lutter contre les atteintes aux principes républicains,Nombre de contrôles réalisés par les plans de lutte contre la radicalisation dans les quartiers (PLR-Q) et les cellules départementales de lutte contre l'islamisme et le repli communautaire (CLIR),nb-controles-clir,2020-02-29,0.0,contrôles dans l'année,2 - national
Lutter contre les atteintes aux principes républicains,Nombre de contrôles réalisés par les plans de lutte contre la radicalisation dans les quartiers (PLR-Q) et les cellules départementales de lutte contre l'islamisme et le repli communautaire (CLIR),nb-controles-clir,2020-01-31,409.0,contrôles dans l'année,2 - national
Lutter contre les atteintes aux principes républicains,Nombre de contrôles réalisés par les plans de lutte contre la radicalisation dans les quartiers (PLR-Q) et les cellules départementales de lutte contre l'islamisme et le repli communautaire (CLIR),nb-controles-clir,2019-12-31,411.0,contrôles dans l'année,2 - national
Lutter contre les atteintes aux principes républicains,Nombre de contrôles réalisés par les plans de lutte contre la radicalisation dans les quartiers (PLR-Q) et les cellules départementales de lutte contre l'islamisme et le repli communautaire (CLIR),nb-controles-clir,2019-11-30,333.0,contrôles dans l'année,2 - national
Lutter contre les atteintes aux principes républicains,Nombre de contrôles réalisés par les plans de lutte contre la radicalisation dans les quartiers (PLR-Q) et les cellules départementales de lutte contre l'islamisme et le repli communautaire (CLIR),nb-controles-clir,2019-10-31,470.0,contrôles dans l'année,2 - national
Lutter contre les atteintes aux principes républicains,Nombre de contrôles réalisés par les plans de lutte contre la radicalisation dans les quartiers (PLR-Q) et les cellules départementales de lutte contre l'islamisme et le repli communautaire (CLIR),nb-controles-clir,2019-09-30,457.0,contrôles dans l'année,2 - national
Lutter contre les atteintes aux principes républicains,Nombre de contrôles réalisés par les plans de lutte contre la radicalisation dans les quartiers (PLR-Q) et les cellules départementales de lutte contre l'islamisme et le repli communautaire (CLIR),nb-controles-clir,2019-08-31,311.0,contrôles dans l'année,2 - national
Lutter contre les atteintes aux principes républicains,Nombre de contrôles réalisés par les plans de lutte contre la radicalisation dans les quartiers (PLR-Q) et les cellules départementales de lutte contre l'islamisme et le repli communautaire (CLIR),nb-controles-clir,2019-07-31,483.0,contrôles dans l'année,2 - national
Lutter contre les atteintes aux principes républicains,Nombre de contrôles réalisés par les plans de lutte contre la radicalisation dans les quartiers (PLR-Q) et les cellules départementales de lutte contre l'islamisme et le repli communautaire (CLIR),nb-controles-clir,2019-06-30,406.0,contrôles dans l'année,2 - national
Lutter contre les atteintes aux principes républicains,Nombre de contrôles réalisés par les plans de lutte contre la radicalisation dans les quartiers (PLR-Q) et les cellules départementales de lutte contre l'islamisme et le repli communautaire (CLIR),nb-controles-clir,2019-05-31,1028.0,contrôles dans l'année,2 - national
Lutter contre les atteintes aux principes républicains,Nombre de contrôles réalisés par les plans de lutte contre la radicalisation dans les quartiers (PLR-Q) et les cellules départementales de lutte contre l'islamisme et le repli communautaire (CLIR),nb-controles-clir,2019-04-30,398.0,contrôles dans l'année,2 - national
Lutter contre les atteintes aux principes républicains,Nombre de contrôles réalisés par les plans de lutte contre la radicalisation dans les quartiers (PLR-Q) et les cellules départementales de lutte contre l'islamisme et le repli communautaire (CLIR),nb-controles-clir,2019-03-31,256.0,contrôles dans l'année,2 - national
Lutter contre les atteintes aux principes républicains,Nombre de contrôles réalisés par les plans de lutte contre la radicalisation dans les quartiers (PLR-Q) et les cellules départementales de lutte contre l'islamisme et le repli communautaire (CLIR),nb-controles-clir,2019-02-28,323.0,contrôles dans l'année,2 - national
Lutter contre les atteintes aux principes républicains,Nombre de contrôles réalisés par les plans de lutte contre la radicalisation dans les quartiers (PLR-Q) et les cellules départementales de lutte contre l'islamisme et le repli communautaire (CLIR),nb-controles-clir,2019-01-31,326.0,contrôles dans l'année,2 - national
Lutter contre les atteintes aux principes républicains,Nombre de contrôles réalisés par les plans de lutte contre la radicalisation dans les quartiers (PLR-Q) et les cellules départementales de lutte contre l'islamisme et le repli communautaire (CLIR),nb-controles-clir,2018-12-31,573.0,contrôles dans l'année,2 - national
Lutter contre les atteintes aux principes républicains,Nombre de contrôles réalisés par les plans de lutte contre la radicalisation dans les quartiers (PLR-Q) et les cellules départementales de lutte contre l'islamisme et le repli communautaire (CLIR),nb-controles-clir,2018-11-30,278.0,contrôles dans l'année,2 - national
Lutter contre les atteintes aux principes républicains,Nombre de contrôles réalisés par les plans de lutte contre la radicalisation dans les quartiers (PLR-Q) et les cellules départementales de lutte contre l'islamisme et le repli communautaire (CLIR),nb-controles-clir,2018-10-31,296.0,contrôles dans l'année,2 - national
Renforcer la sécurité du quotidien,Nombre d’heures de patrouille de voie publique,nb-heures-patrouille,2019-12-31,5573982.0,heures de patrouille dans l'année,2 - national
Améliorer la qualité du service rendu à l’usager,Part des lieux d’accueil du public qui publient leurs résultats,tx-transparence-resultats,2020-09-30,63.0,%,2 - national
Améliorer la qualité du service rendu à l’usager,Taux de satisfaction des usagers à l’égard des services publics,tx-satisfaction-usagers-services-publics,2020-12-31,76.0,% de satisfaction,2 - national
Améliorer la qualité du service rendu à l’usager,Taux de satisfaction des usagers à l’égard des services publics,tx-satisfaction-usagers-services-publics,2019-12-31,74.0,% de satisfaction,2 - national
Améliorer la qualité du service rendu à l’usager,Taux de satisfaction des usagers à l’égard des services publics,tx-satisfaction-usagers-services-publics,2018-12-31,71.0,% de satisfaction,2 - national
Améliorer la qualité du service rendu à l’usager,Taux de satisfaction des usagers à l’égard des services publics,tx-satisfaction-usagers-services-publics,2017-12-31,72.0,% de satisfaction,2 - national
"Proposer une offre de lunettes, appareils auditifs et prothèses dentaires remboursée à 100%",Part des équipements/soins 100% santé dans le total des soins dentaire,tx-equipements-dentaire,2020-09-30,51.9,%,2 - national
"Proposer une offre de lunettes, appareils auditifs et prothèses dentaires remboursée à 100%",Part des équipements/soins 100% santé dans le total des soins dentaire,tx-equipements-dentaire,2020-08-31,53.04,%,2 - national
"Proposer une offre de lunettes, appareils auditifs et prothèses dentaires remboursée à 100%",Part des équipements/soins 100% santé dans le total des soins dentaire,tx-equipements-dentaire,2020-07-31,49.54,%,2 - national
"Proposer une offre de lunettes, appareils auditifs et prothèses dentaires remboursée à 100%",Part des équipements/soins 100% santé dans le total des soins dentaire,tx-equipements-dentaire,2020-06-30,48.75,%,2 - national
"Proposer une offre de lunettes, appareils auditifs et prothèses dentaires remboursée à 100%",Part des équipements/soins 100% santé dans le total des soins dentaire,tx-equipements-dentaire,2020-05-31,48.91,%,2 - national
"Proposer une offre de lunettes, appareils auditifs et prothèses dentaires remboursée à 100%",Part des équipements/soins 100% santé dans le total des soins dentaire,tx-equipements-dentaire,2020-04-30,45.11,%,2 - national
"Proposer une offre de lunettes, appareils auditifs et prothèses dentaires remboursée à 100%",Part des équipements/soins 100% santé dans le total des soins dentaire,tx-equipements-dentaire,2020-03-31,48.17,%,2 - national
"Proposer une offre de lunettes, appareils auditifs et prothèses dentaires remboursée à 100%",Part des équipements/soins 100% santé dans le total des soins dentaire,tx-equipements-dentaire,2020-02-29,46.57,%,2 - national
Déployer le Pass culture,Nombre d’utilisateurs du Pass culture,nb-utilisateurs-pass-culture,2019-02-28,4390.0,utilisateurs,2 - national
Déployer le Pass culture,Nombre d’utilisateurs du Pass culture,nb-utilisateurs-pass-culture,2019-03-31,6034.0,utilisateurs,2 - national
Déployer le Pass culture,Nombre d’utilisateurs du Pass culture,nb-utilisateurs-pass-culture,2019-04-30,6328.0,utilisateurs,2 - national
Lutter contre les stupéfiants,Nombre d'amendes forfaitaires délictuelles dressées,nb-amendes-delictuelles-dressees,2020-07-31,205.0,amendes dressées dans l'année,2 - national
Lutter contre les stupéfiants,Nombre d'amendes forfaitaires délictuelles dressées,nb-amendes-delictuelles-dressees,2020-06-30,205.0,amendes dressées dans l'année,2 - national
Déployer le Pass culture,Nombre d’utilisateurs du Pass culture,nb-utilisateurs-pass-culture,2020-10-31,113921.0,utilisateurs,2 - national
Déployer le Pass culture,Nombre d’utilisateurs du Pass culture,nb-utilisateurs-pass-culture,2020-09-30,101848.0,utilisateurs,2 - national
Déployer le Pass culture,Nombre d’utilisateurs du Pass culture,nb-utilisateurs-pass-culture,2020-08-31,89479.0,utilisateurs,2 - national
Déployer le Pass culture,Nombre d’utilisateurs du Pass culture,nb-utilisateurs-pass-culture,2020-07-31,81069.0,utilisateurs,2 - national
Déployer le Pass culture,Nombre d’utilisateurs du Pass culture,nb-utilisateurs-pass-culture,2020-06-30,72395.0,utilisateurs,2 - national
Déployer le Pass culture,Nombre d’utilisateurs du Pass culture,nb-utilisateurs-pass-culture,2020-05-31,66154.0,utilisateurs,2 - national
Déployer le Pass culture,Nombre d’utilisateurs du Pass culture,nb-utilisateurs-pass-culture,2020-04-30,62826.0,utilisateurs,2 - national
Déployer le Pass culture,Nombre d’utilisateurs du Pass culture,nb-utilisateurs-pass-culture,2020-03-31,59608.0,utilisateurs,2 - national
Déployer le Pass culture,Nombre d’utilisateurs du Pass culture,nb-utilisateurs-pass-culture,2020-02-29,55133.0,utilisateurs,2 - national
Déployer le Pass culture,Nombre d’utilisateurs du Pass culture,nb-utilisateurs-pass-culture,2020-01-31,46871.0,utilisateurs,2 - national
Déployer le Pass culture,Nombre d’utilisateurs du Pass culture,nb-utilisateurs-pass-culture,2019-12-31,43259.0,utilisateurs,2 - national
Déployer le Pass culture,Nombre d’utilisateurs du Pass culture,nb-utilisateurs-pass-culture,2019-11-30,36609.0,utilisateurs,2 - national
Déployer le Pass culture,Nombre d’utilisateurs du Pass culture,nb-utilisateurs-pass-culture,2019-10-31,28620.0,utilisateurs,2 - national
Déployer le Pass culture,Nombre d’utilisateurs du Pass culture,nb-utilisateurs-pass-culture,2019-09-30,20945.0,utilisateurs,2 - national
Déployer le Pass culture,Nombre d’utilisateurs du Pass culture,nb-utilisateurs-pass-culture,2019-08-31,14499.0,utilisateurs,2 - national
Déployer le Pass culture,Nombre d’utilisateurs du Pass culture,nb-utilisateurs-pass-culture,2019-07-31,12671.0,utilisateurs,2 - national
Déployer le Pass culture,Nombre d’utilisateurs du Pass culture,nb-utilisateurs-pass-culture,2019-06-30,6569.0,utilisateurs,2 - national
Déployer le Pass culture,Nombre d’utilisateurs du Pass culture,nb-utilisateurs-pass-culture,2019-05-31,6461.0,utilisateurs,2 - national
"Proposer une offre de lunettes, appareils auditifs et prothèses dentaires remboursée à 100%",Part des équipements/soins 100% santé dans le total des soins dentaire,tx-equipements-dentaire,2020-01-31,42.41,%,2 - national
"Proposer une offre de lunettes, appareils auditifs et prothèses dentaires remboursée à 100%",Part des équipements/soins 100% santé dans le total des soins dentaire,tx-equipements-dentaire,2019-12-31,35.46,%,2 - national
"Proposer une offre de lunettes, appareils auditifs et prothèses dentaires remboursée à 100%",Part des équipements/soins 100% santé dans le total des soins dentaire,tx-equipements-dentaire,2019-11-30,37.17,%,2 - national
"Proposer une offre de lunettes, appareils auditifs et prothèses dentaires remboursée à 100%",Part des équipements/soins 100% santé dans le total des soins dentaire,tx-equipements-dentaire,2019-10-31,37.6,%,2 - national
"Proposer une offre de lunettes, appareils auditifs et prothèses dentaires remboursée à 100%",Part des équipements/soins 100% santé dans le total des soins dentaire,tx-equipements-dentaire,2019-09-30,39.31,%,2 - national
"Proposer une offre de lunettes, appareils auditifs et prothèses dentaires remboursée à 100%",Part des équipements/soins 100% santé dans le total des soins dentaire,tx-equipements-dentaire,2019-08-31,40.41,%,2 - national
"Proposer une offre de lunettes, appareils auditifs et prothèses dentaires remboursée à 100%",Part des équipements/soins 100% santé dans le total des soins dentaire,tx-equipements-dentaire,2019-07-31,38.57,%,2 - national
"Proposer une offre de lunettes, appareils auditifs et prothèses dentaires remboursée à 100%",Part des équipements/soins 100% santé dans le total des soins dentaire,tx-equipements-dentaire,2019-06-30,37.08,%,2 - national
"Proposer une offre de lunettes, appareils auditifs et prothèses dentaires remboursée à 100%",Part des équipements/soins 100% santé dans le total des soins dentaire,tx-equipements-dentaire,2019-05-31,36.43,%,2 - national
"Proposer une offre de lunettes, appareils auditifs et prothèses dentaires remboursée à 100%",Part des équipements/soins 100% santé dans le total des soins dentaire,tx-equipements-dentaire,2019-04-30,26.08,%,2 - national
Simplifier l’accès aux droits des personnes handicapées,Durée moyenne de traitement pour les demandes d’allocation adulte handicapé,duree-moyenne-traitement-demandes-allocation-adulte-handicape,2020-09-30,4.3,mois de traitement,2 - national
Simplifier l’accès aux droits des personnes handicapées,Durée moyenne de traitement pour les demandes d’allocation adulte handicapé,duree-moyenne-traitement-demandes-allocation-adulte-handicape,2017-12-31,4.3,mois de traitement,2 - national
Assurer une bonne couverture en internet fixe et en téléphonie mobile pour tous les Français d'ici 2022,Taux de déploiement de la fibre,taux-deploiement-fibre,2017-09-30,26.0,% de déploiement,2 - national
Assurer une bonne couverture en internet fixe et en téléphonie mobile pour tous les Français d'ici 2022,Taux de déploiement de la fibre,taux-deploiement-fibre,2017-06-30,24.0,% de déploiement,2 - national
Assurer une bonne couverture en internet fixe et en téléphonie mobile pour tous les Français d'ici 2022,Taux de déploiement de la fibre,taux-deploiement-fibre,2017-03-31,22.0,% de déploiement,2 - national
"Dédoubler les classes en REP (grande section, CP, CE1)",Part des classes de CP et CE1 en REP dédoublées,tx-classes-cp-ce1-rep,2019-10-31,95.0,% des classes,2 - national
Instaurer des zones à faibles émissions,Nombre d'habitants vivant à l'intérieur d'une zone à faible émission,nb-habitants-zfe,2020-12-31,5102636.0,habitants,2 - national
Instaurer des zones à faibles émissions,Nombre d'habitants vivant à l'intérieur d'une zone à faible émission,nb-habitants-zfe,2019-12-31,3976189.0,habitants,2 - national
Instaurer des zones à faibles émissions,Nombre d'habitants vivant à l'intérieur d'une zone à faible émission,nb-habitants-zfe,2018-12-31,2220445.0,habitants,2 - national
Instaurer des zones à faibles émissions,Nombre d'habitants vivant à l'intérieur d'une zone à faible émission,nb-habitants-zfe,2017-12-31,2220445.0,habitants,2 - national
Déployer Parcoursup ,Taux de réussite aux examens de licence 1,tx-reussite-examens,2018-10-31,44.0,% de réussite,2 - national
